{"cameraMode":{"drawMode":0,"name":"Shaded","section":"Shading Mode"},"sceneLighting":false,"audioPlay":false,"sceneViewState":{"m_AlwaysRefresh":false,"showFog":true,"showSkybox":true,"showFlares":true,"showImageEffects":true,"showParticleSystems":true,"showVisualEffectGraphs":true,"m_FxEnabled":true},"in2DMode":false,"pivot":{"x":-0.132806658744812,"y":0.9404762983322144,"z":-0.28133347630500796},"rotation":{"x":0.0005042206612415612,"y":0.9599899649620056,"z":-0.280012845993042,"w":0.0017289284151047469},"size":3.5660250186920168,"orthographic":false}